trial,lpa_precompute_us,euicc_commit_us,challenge_gen_us,tee_authtoken_us,euicc_mask_us,lpa_aggregate_us,server_verify_us,total_us,euicc_total_us,lpa_total_us,tee_total_us,server_total_us
1,6066.44,12864.77,459.72,196.11,3577.09,44.39,3751.14,26959.65,16441.85,6110.83,196.11,3751.14
2,3518.12,9101.61,102.92,35.11,2616.82,14.97,3568.83,18958.39,11718.44,3533.09,35.11,3568.83
3,3787.90,12209.74,131.84,53.49,1666.34,11.83,3318.42,21179.56,13876.08,3799.73,53.49,3318.42
4,4080.25,13089.87,102.84,41.10,1529.87,11.04,2830.87,21685.85,14619.74,4091.29,41.10,2830.87
5,4562.21,13482.15,140.05,54.20,2030.81,117.43,4291.03,24677.88,15512.95,4679.64,54.20,4291.03
6,3723.57,10744.79,109.71,44.94,1431.01,11.38,3003.79,19069.19,12175.80,3734.95,44.94,3003.79
7,3480.01,11309.97,106.33,39.53,1505.31,10.71,3100.87,19552.73,12815.28,3490.72,39.53,3100.87
8,3997.48,10001.15,110.15,39.61,1462.33,12.44,3134.72,18757.88,11463.48,4009.92,39.61,3134.72
9,3509.83,10925.47,111.27,43.90,1475.04,10.51,2894.81,18970.84,12400.52,3520.34,43.90,2894.81
10,3843.95,9979.29,106.00,38.07,1425.55,10.75,3002.67,18406.28,11404.84,3854.69,38.07,3002.67
11,3647.08,9583.90,99.38,32.71,2181.95,12.58,3100.09,18657.68,11765.85,3659.66,32.71,3100.09
12,3705.32,10508.96,108.68,38.26,1484.39,11.45,2939.57,18796.63,11993.35,3716.78,38.26,2939.57
13,3773.55,9499.78,109.43,38.43,1757.24,10.20,3448.72,18637.35,11257.02,3783.75,38.43,3448.72
14,3352.65,9387.88,93.46,36.13,2669.23,15.31,3227.73,18782.38,12057.11,3367.96,36.13,3227.73
15,4790.18,10454.63,107.39,39.58,1809.11,11.14,2685.84,19897.87,12263.74,4801.32,39.58,2685.84
16,3991.24,9674.86,93.96,36.73,1452.07,10.91,2813.22,18072.99,11126.93,4002.15,36.73,2813.22
17,4319.27,9737.74,99.12,39.95,1488.96,10.24,2791.85,18487.14,11226.70,4329.51,39.95,2791.85
18,3530.98,10197.99,100.62,39.03,1509.84,16.59,3059.12,18454.18,11707.83,3547.58,39.03,3059.12
19,3954.58,9799.10,106.12,39.77,1716.30,14.37,3526.54,19156.80,11515.41,3968.96,39.77,3526.54
20,3641.08,10584.73,117.52,42.80,1739.75,10.40,2784.35,18920.64,12324.48,3651.48,42.80,2784.35
21,3597.66,9970.02,124.57,50.96,1725.92,12.26,3960.39,19441.78,11695.94,3609.92,50.96,3960.39
22,3422.37,9521.97,106.58,47.46,2124.31,11.00,2747.07,17980.77,11646.28,3433.38,47.46,2747.07
23,3381.37,9577.33,109.49,61.29,1766.22,11.62,2778.99,17686.32,11343.56,3393.00,61.29,2778.99
24,3884.32,10516.49,115.47,43.51,1545.79,11.45,3006.01,19123.03,12062.28,3895.77,43.51,3006.01
25,3446.17,11509.98,104.93,42.02,1525.03,11.71,2868.59,19508.44,13035.01,3457.88,42.02,2868.59
26,3614.22,9767.41,113.30,48.82,1508.90,10.79,2716.62,17780.07,11276.31,3625.01,48.82,2716.62
27,4242.12,12860.12,102.62,38.43,1415.01,25.47,2891.69,21575.46,14275.13,4267.59,38.43,2891.69
28,4213.74,10527.06,116.57,39.71,1360.89,11.70,2862.55,19132.23,11887.95,4225.44,39.71,2862.55
29,3587.35,9710.97,99.82,41.05,1391.13,10.40,2664.43,17505.16,11102.10,3597.75,41.05,2664.43
30,3606.04,9973.49,100.24,36.29,1411.88,14.85,3469.04,18611.82,11385.37,3620.88,36.29,3469.04
31,4824.90,9637.24,97.41,36.52,1533.18,12.31,3320.82,19462.39,11170.43,4837.21,36.52,3320.82
32,3528.85,14411.93,151.20,591.78,3221.47,12.73,2916.68,24834.63,17633.39,3541.58,591.78,2916.68
33,3501.14,11161.86,136.21,59.88,1867.66,12.38,2770.58,19509.71,13029.51,3513.52,59.88,2770.58
34,3576.66,9635.54,118.58,44.57,1426.98,10.19,4281.09,19093.60,11062.52,3586.85,44.57,4281.09
35,4208.02,9374.76,104.97,36.86,1382.64,12.33,2827.89,17947.46,10757.40,4220.35,36.86,2827.89
36,3481.75,11265.27,138.94,48.81,1442.17,11.38,4094.49,20482.81,12707.44,3493.13,48.81,4094.49
37,3922.16,9342.53,103.03,40.26,1393.78,100.79,2863.84,17766.39,10736.31,4022.95,40.26,2863.84
38,3478.97,11368.17,142.29,56.05,1921.17,14.80,3123.91,20105.36,13289.34,3493.77,56.05,3123.91
39,4117.44,10161.09,153.07,49.22,1946.72,11.72,2917.14,19356.40,12107.81,4129.16,49.22,2917.14
40,3378.45,9453.84,583.04,49.41,2457.50,12.00,2770.34,18704.58,11911.34,3390.45,49.41,2770.34
41,3500.98,11483.11,102.02,40.47,1366.35,11.01,2840.56,19344.50,12849.46,3511.99,40.47,2840.56
42,3534.48,9672.96,121.60,46.55,1548.39,10.32,2505.41,17439.72,11221.35,3544.80,46.55,2505.41
43,4107.08,8988.10,144.72,64.01,1775.69,13.58,2953.83,18047.00,10763.78,4120.66,64.01,2953.83
44,3695.65,9673.90,108.41,43.29,2758.16,12.50,2978.42,19270.32,12432.07,3708.14,43.29,2978.42
45,3472.14,9807.69,113.49,39.11,1721.73,11.69,2971.40,18137.24,11529.42,3483.82,39.11,2971.40
46,3972.05,11011.85,104.41,36.65,1825.89,10.00,2761.28,19722.12,12837.73,3982.05,36.65,2761.28
47,3378.69,10192.39,109.65,42.00,1576.63,16.44,4595.21,19911.01,11769.02,3395.12,42.00,4595.21
48,3628.36,9532.07,86.59,36.45,1389.65,10.54,2801.75,17485.40,10921.72,3638.90,36.45,2801.75
49,3489.51,11146.15,138.93,52.11,1564.06,10.90,2854.15,19255.81,12710.21,3500.41,52.11,2854.15
50,3510.29,10364.37,94.74,37.80,1353.97,11.40,2686.52,18059.09,11718.34,3521.69,37.80,2686.52
51,3292.87,10306.96,108.07,40.24,1413.55,11.13,2714.32,17887.15,11720.50,3304.00,40.24,2714.32
52,4325.13,9456.55,87.34,36.13,1926.05,12.83,4545.79,20389.82,11382.60,4337.96,36.13,4545.79
53,3586.21,9466.72,99.32,42.78,1373.96,10.95,2726.28,17306.22,10840.69,3597.16,42.78,2726.28
54,3238.35,9929.51,221.52,43.78,1434.85,10.09,2702.20,17580.30,11364.36,3248.44,43.78,2702.20
55,3920.21,10894.06,114.68,38.33,1916.14,13.15,3234.23,20130.79,12810.20,3933.36,38.33,3234.23
56,3402.45,10747.00,87.30,36.06,1436.12,10.43,2796.37,18515.72,12183.12,3412.88,36.06,2796.37
57,3268.79,10450.08,140.72,44.72,1518.60,12.03,3605.23,19040.17,11968.68,3280.82,44.72,3605.23
58,3416.44,9461.76,83.23,33.97,1426.98,9.99,2532.88,16965.26,10888.75,3426.43,33.97,2532.88
59,3208.65,8932.30,81.58,33.65,1504.48,16.30,2892.20,16669.16,10436.78,3224.95,33.65,2892.20
60,3242.38,10007.55,89.31,35.51,1510.67,12.57,2756.82,17654.82,11518.22,3254.95,35.51,2756.82
61,3872.36,11185.71,122.56,42.85,1805.26,10.62,3037.83,20077.21,12990.98,3882.99,42.85,3037.83
62,3256.01,9469.95,162.68,48.52,1887.96,10.78,2670.83,17506.73,11357.91,3266.79,48.52,2670.83
63,4159.17,9222.95,97.80,39.97,1502.77,10.03,2632.13,17664.84,10725.73,4169.20,39.97,2632.13
64,3803.34,10328.63,105.24,37.21,1511.77,16.85,3688.31,19491.35,11840.40,3820.20,37.21,3688.31
65,4738.45,11090.29,104.62,39.49,1476.92,11.14,2679.05,20139.96,12567.21,4749.59,39.49,2679.05
66,3267.03,12010.25,105.02,43.51,1468.54,16.57,3014.47,19925.40,13478.79,3283.61,43.51,3014.47
67,3513.05,9670.89,110.31,52.24,2795.75,11.32,2832.80,18986.36,12466.64,3524.37,52.24,2832.80
68,3486.99,11591.62,121.34,45.65,2006.68,14.53,3549.62,20816.44,13598.30,3501.53,45.65,3549.62
69,5140.46,10323.02,150.53,74.97,2104.42,28.63,2903.18,20725.22,12427.44,5169.09,74.97,2903.18
70,3426.63,10965.74,104.81,34.90,1620.20,12.97,2877.35,19042.60,12585.93,3439.61,34.90,2877.35
71,3654.94,10289.43,154.64,42.82,1476.95,17.92,3255.31,18892.01,11766.38,3672.86,42.82,3255.31
72,4382.73,10831.05,131.30,44.16,1653.82,18.18,3054.21,20115.45,12484.88,4400.91,44.16,3054.21
73,4223.58,9674.08,97.72,43.42,1587.20,10.45,2894.11,18530.57,11261.28,4234.03,43.42,2894.11
74,3985.78,11358.62,114.40,56.21,1736.91,10.51,2584.94,19847.37,13095.53,3996.29,56.21,2584.94
75,3482.03,10591.78,108.75,45.00,1673.35,10.94,2587.40,18499.26,12265.14,3492.97,45.00,2587.40
76,4270.70,9936.69,89.91,36.95,1671.07,11.42,2813.05,18829.78,11607.76,4282.11,36.95,2813.05
77,3524.99,9769.42,97.31,39.77,1328.95,12.42,3952.79,18725.65,11098.37,3537.41,39.77,3952.79
78,4106.09,9694.47,99.53,40.99,1406.28,11.33,3070.18,18428.86,11100.75,4117.42,40.99,3070.18
79,3606.53,11278.12,124.49,52.79,2317.61,14.83,7158.52,24552.89,13595.73,3621.36,52.79,7158.52
80,3981.51,10717.43,101.40,38.09,1483.96,14.53,2628.61,18965.53,12201.39,3996.04,38.09,2628.61
81,4238.39,11337.12,104.12,38.40,1395.51,16.23,2949.80,20079.56,12732.62,4254.62,38.40,2949.80
82,3733.99,10193.76,107.18,37.03,1506.88,10.12,3210.46,18799.43,11700.64,3744.12,37.03,3210.46
83,3515.35,10115.28,247.11,76.40,1909.08,15.35,3554.35,19432.93,12024.36,3530.70,76.40,3554.35
84,3561.69,10552.14,99.53,36.46,1437.00,11.03,2732.54,18430.39,11989.14,3572.72,36.46,2732.54
85,3513.79,10061.93,109.57,41.41,1452.56,10.94,3021.90,18212.10,11514.49,3524.73,41.41,3021.90
86,3510.95,9475.03,98.28,38.67,2095.97,11.57,3350.03,18580.51,11571.00,3522.52,38.67,3350.03
87,4841.62,11674.59,114.04,42.14,1877.84,11.50,2820.67,21382.39,13552.44,4853.12,42.14,2820.67
88,3981.02,9857.99,97.10,40.26,1554.68,12.90,3118.19,18662.13,11412.67,3993.91,40.26,3118.19
89,3534.79,9760.65,98.57,41.95,1577.34,43.31,3229.52,18286.13,11337.99,3578.10,41.95,3229.52
90,3565.44,10557.24,122.00,42.85,1577.17,11.33,2733.82,18609.86,12134.41,3576.78,42.85,2733.82
91,3224.96,8966.76,97.50,34.37,1450.59,14.42,2852.46,16641.06,10417.35,3239.38,34.37,2852.46
92,4668.24,11155.13,121.25,61.14,1916.53,10.23,2589.62,20522.13,13071.66,4678.47,61.14,2589.62
93,3437.84,12021.95,135.12,78.46,2126.02,10.63,3095.18,20905.21,14147.97,3448.48,78.46,3095.18
94,4209.46,9095.77,87.23,35.52,1428.05,12.47,2756.68,17625.18,10523.81,4221.93,35.52,2756.68
95,3525.90,11241.60,121.64,52.61,1652.13,11.14,2722.80,19327.82,12893.73,3537.03,52.61,2722.80
96,3655.07,10003.56,144.47,223.38,2137.24,11.04,2890.74,19065.50,12140.81,3666.11,223.38,2890.74
97,3263.88,9906.35,108.83,45.23,1772.31,16.36,3245.40,18358.36,11678.66,3280.24,45.23,3245.40
98,3498.20,11673.83,102.24,41.57,1915.74,12.71,5230.06,22474.36,13589.57,3510.91,41.57,5230.06
99,3718.83,9750.84,104.26,46.93,1391.64,10.49,2900.65,17923.64,11142.48,3729.32,46.93,2900.65
100,3850.40,10803.87,111.05,39.18,1454.22,10.97,2892.34,19162.03,12258.10,3861.37,39.18,2892.34
101,3596.99,10604.08,134.62,48.30,1591.02,15.36,3239.38,19229.75,12195.10,3612.35,48.30,3239.38
102,3591.28,9790.07,107.47,39.60,2056.86,27.94,2753.01,18366.23,11846.93,3619.22,39.60,2753.01
103,4025.49,9770.85,101.78,37.07,1532.04,12.39,3091.48,18571.09,11302.89,4037.87,37.07,3091.48
104,3422.87,8772.49,98.42,34.55,1402.54,15.32,3610.28,17356.48,10175.03,3438.20,34.55,3610.28
105,5670.30,10084.40,99.87,41.80,1399.27,12.43,2863.82,20171.89,11483.67,5682.73,41.80,2863.82
106,3714.75,10129.68,99.34,42.75,1520.14,12.08,2891.57,18410.31,11649.82,3726.83,42.75,2891.57
107,3650.69,9123.72,255.91,47.32,2698.28,14.83,3396.71,19187.47,11822.01,3665.52,47.32,3396.71
108,5408.00,9532.84,97.99,35.61,1552.78,11.02,3000.17,19638.41,11085.62,5419.02,35.61,3000.17
109,4217.78,9771.45,134.64,65.40,2024.45,10.95,3029.53,19254.20,11795.90,4228.73,65.40,3029.53
110,3430.31,10902.99,124.10,44.51,1474.56,11.74,2880.61,18868.82,12377.55,3442.05,44.51,2880.61
111,4170.87,10982.58,106.31,43.12,1500.83,10.26,2969.17,19783.13,12483.41,4181.13,43.12,2969.17
112,3581.67,9409.61,89.45,37.90,1274.99,10.02,2691.81,17095.44,10684.59,3591.69,37.90,2691.81
113,4206.42,12011.71,114.88,39.65,1485.42,12.44,2971.08,20841.60,13497.13,4218.86,39.65,2971.08
114,3814.85,9815.51,105.31,43.81,1776.76,11.74,2922.87,18490.85,11592.27,3826.58,43.81,2922.87
115,3520.58,9978.25,102.52,36.32,1385.30,10.87,2857.30,17891.13,11363.54,3531.45,36.32,2857.30
116,3441.69,12008.28,176.66,61.73,1642.57,14.60,3146.65,20492.17,13650.84,3456.29,61.73,3146.65
117,3704.34,9993.56,210.53,87.09,2982.68,18.59,3168.38,20165.18,12976.24,3722.93,87.09,3168.38
118,3651.42,10000.70,97.63,42.42,1534.64,15.62,4120.92,19463.35,11535.34,3667.04,42.42,4120.92
119,3850.40,11926.09,100.40,41.38,2658.78,11.73,2816.48,21405.28,14584.88,3862.14,41.38,2816.48
120,3613.05,10204.12,129.39,41.66,1507.60,14.20,2914.55,18424.57,11711.72,3627.25,41.66,2914.55
121,3955.51,9796.22,105.44,43.21,2271.21,13.05,3014.70,19199.34,12067.43,3968.57,43.21,3014.70
122,3441.19,9672.55,105.04,39.58,1658.89,12.01,2854.21,17783.48,11331.44,3453.20,39.58,2854.21
123,3899.93,9458.61,105.19,38.33,1505.03,13.11,3879.88,18900.08,10963.64,3913.04,38.33,3879.88
124,4387.43,9386.56,105.90,40.73,2841.81,14.44,2874.75,19651.62,12228.37,4401.87,40.73,2874.75
125,3405.77,10195.70,104.25,41.48,1773.33,10.72,2968.24,18499.48,11969.03,3416.49,41.48,2968.24
126,4253.51,12288.47,135.33,55.83,2190.49,18.13,3628.08,22569.85,14478.97,4271.64,55.83,3628.08
127,4323.30,11553.85,131.92,55.24,2044.08,12.59,3100.37,21221.34,13597.93,4335.89,55.24,3100.37
128,5766.08,12009.91,126.92,45.05,2036.38,12.46,3274.76,23271.56,14046.29,5778.55,45.05,3274.76
129,4325.42,12126.73,196.76,79.72,2610.75,21.47,4055.08,23415.94,14737.48,4346.90,79.72,4055.08
130,3723.71,11115.61,99.69,41.82,1876.21,12.98,3824.05,20694.07,12991.83,3736.69,41.82,3824.05
131,3750.83,11231.50,129.90,64.83,1674.47,10.26,2736.51,19598.31,12905.98,3761.09,64.83,2736.51
132,3763.24,10237.08,104.43,43.29,1831.46,13.87,3968.59,19961.97,12068.54,3777.12,43.29,3968.59
133,4616.15,11204.72,139.42,51.88,2276.78,13.57,2906.27,21208.79,13481.50,4629.71,51.88,2906.27
134,4085.56,11245.26,109.37,42.51,1766.06,14.45,2865.27,20128.48,13011.32,4100.01,42.51,2865.27
135,3613.57,11804.44,127.94,53.83,2189.63,22.83,3567.43,21379.67,13994.07,3636.40,53.83,3567.43
136,4537.09,10146.00,113.62,41.41,1634.02,10.81,2877.85,19360.82,11780.02,4547.91,41.41,2877.85
137,3786.78,11992.62,161.42,159.84,2051.85,17.84,3571.50,21741.85,14044.47,3804.62,159.84,3571.50
138,4116.19,12077.62,146.03,59.04,1678.03,11.48,3371.11,21459.49,13755.65,4127.67,59.04,3371.11
139,4233.73,11996.02,115.08,39.35,1772.96,11.38,2956.83,21125.36,13768.98,4245.12,39.35,2956.83
140,3970.19,12376.65,127.99,52.11,1763.92,14.64,2920.81,21226.31,14140.57,3984.84,52.11,2920.81
141,5169.73,11040.01,120.52,46.39,2368.68,13.33,3481.54,22240.20,13408.69,5183.06,46.39,3481.54
142,3643.42,10529.30,106.47,44.22,1556.85,12.92,2943.90,18837.08,12086.15,3656.34,44.22,2943.90
143,4197.04,11999.55,144.20,51.48,1863.57,11.62,2795.64,21063.09,13863.12,4208.66,51.48,2795.64
144,3855.65,10272.98,102.96,42.97,2097.31,12.13,2770.32,19154.33,12370.29,3867.78,42.97,2770.32
145,3738.41,9744.69,109.71,39.88,1611.82,10.83,3520.03,18775.37,11356.51,3749.24,39.88,3520.03
146,3809.62,10583.81,131.61,41.41,2090.98,19.32,3323.34,20000.09,12674.79,3828.95,41.41,3323.34
147,4886.86,10091.04,109.21,39.76,1663.16,12.86,3355.22,20158.11,11754.21,4899.71,39.76,3355.22
148,3754.21,9517.78,93.59,38.26,1377.02,14.60,3127.88,17923.33,10894.80,3768.81,38.26,3127.88
149,3542.48,10986.54,120.93,48.83,1517.78,10.53,2873.76,19100.85,12504.32,3553.02,48.83,2873.76
150,3715.10,10274.58,102.33,40.75,1510.01,9.94,2557.02,18209.73,11784.59,3725.03,40.75,2557.02
151,3844.22,9471.99,118.76,43.28,1532.82,16.21,3720.17,18747.43,11004.80,3860.42,43.28,3720.17
152,3396.75,8972.72,100.71,35.93,1433.68,10.84,2762.54,16713.18,10406.40,3407.60,35.93,2762.54
153,3509.27,12892.05,146.99,47.04,1634.23,10.41,2664.96,20904.95,14526.28,3519.68,47.04,2664.96
154,3490.95,9409.49,85.05,36.59,1484.99,15.10,2933.95,17456.13,10894.49,3506.05,36.59,2933.95
155,3537.63,9459.89,88.88,35.81,1529.86,12.34,2645.72,17310.14,10989.75,3549.97,35.81,2645.72
156,3315.36,10979.63,101.50,122.25,1567.31,13.67,2821.13,18920.84,12546.94,3329.03,122.25,2821.13
157,3663.84,9429.22,110.90,39.98,1335.50,10.29,3546.55,18136.27,10764.72,3674.13,39.98,3546.55
158,3635.04,10308.56,116.08,47.31,1391.14,11.68,2714.04,18223.85,11699.71,3646.72,47.31,2714.04
159,3258.23,10835.19,171.95,119.35,2909.64,10.71,2499.71,19804.78,13744.83,3268.94,119.35,2499.71
160,3607.99,8975.70,97.85,39.06,1361.73,10.41,3008.33,17101.07,10337.43,3618.40,39.06,3008.33
161,4389.09,11578.27,91.94,39.14,1402.86,10.55,2665.66,20177.52,12981.14,4399.64,39.14,2665.66
162,3478.51,11805.69,98.11,37.31,1995.81,10.26,2627.71,20053.40,13801.50,3488.78,37.31,2627.71
163,4332.69,9780.81,88.79,55.91,2447.39,10.92,2596.86,19313.37,12228.19,4343.61,55.91,2596.86
164,3264.71,9844.71,102.51,36.37,1347.94,10.38,2618.00,17224.61,11192.65,3275.08,36.37,2618.00
165,4147.96,9198.67,87.91,35.46,1329.70,10.19,2577.18,17387.08,10528.38,4158.16,35.46,2577.18
166,4993.01,9994.20,88.45,35.71,1363.33,13.23,3138.17,19626.10,11357.54,5006.24,35.71,3138.17
167,3524.51,10362.68,106.92,44.22,1542.49,18.73,2766.11,18365.65,11905.16,3543.24,44.22,2766.11
168,3565.96,9261.87,94.59,36.07,1317.43,10.06,2458.51,16744.47,10579.29,3576.01,36.07,2458.51
169,4446.01,12277.77,153.88,159.63,2018.99,10.53,2560.70,21627.52,14296.77,4456.55,159.63,2560.70
170,3340.34,8693.07,82.29,33.54,1290.20,9.93,2504.73,15954.11,9983.28,3350.28,33.54,2504.73
171,3364.24,12354.13,113.00,43.03,1865.47,12.67,3500.30,21252.84,14219.61,3376.90,43.03,3500.30
172,4041.96,11679.59,108.65,59.39,1963.01,10.04,2834.72,20697.36,13642.60,4052.00,59.39,2834.72
173,3208.34,9709.86,88.24,36.57,1471.76,12.87,3048.99,17576.63,11181.62,3221.20,36.57,3048.99
174,3669.60,9714.78,95.94,37.58,1441.28,16.53,3602.97,18578.67,11156.06,3686.12,37.58,3602.97
175,3550.94,8857.81,82.47,35.78,1333.13,10.24,2534.03,16404.39,10190.94,3561.18,35.78,2534.03
176,4992.81,9781.72,116.74,56.17,1493.57,10.32,2592.86,19044.19,11275.28,5003.13,56.17,2592.86
177,3368.26,12106.97,168.40,60.19,1513.16,10.30,2767.57,19994.84,13620.13,3378.57,60.19,2767.57
178,4959.34,9595.15,102.27,35.98,1318.65,11.04,2747.47,18769.91,10913.80,4970.38,35.98,2747.47
179,3573.03,11332.67,101.28,37.11,1431.84,11.19,2754.83,19241.95,12764.51,3584.22,37.11,2754.83
180,3593.04,8977.66,94.18,37.56,1289.80,9.85,3806.41,17808.49,10267.46,3602.88,37.56,3806.41
181,4358.06,13067.47,115.36,42.77,2062.83,10.61,2555.29,22212.39,15130.29,4368.67,42.77,2555.29
182,3755.82,9880.72,129.92,49.91,1393.44,15.61,3366.79,18592.21,11274.16,3771.43,49.91,3366.79
183,3748.16,10131.45,123.18,48.70,1681.37,11.69,3049.74,18794.28,11812.82,3759.85,48.70,3049.74
184,4710.35,11104.07,95.13,36.67,1332.77,10.65,2636.92,19926.55,12436.84,4721.00,36.67,2636.92
185,3503.80,8945.99,85.71,56.63,1218.08,11.76,3440.44,17262.41,10164.07,3515.56,56.63,3440.44
186,3361.93,10853.27,139.74,65.09,2559.28,12.43,2975.08,19966.83,13412.55,3374.37,65.09,2975.08
187,4060.71,9876.76,93.38,36.66,1406.67,10.70,3215.43,18700.31,11283.43,4071.41,36.66,3215.43
188,3557.98,9922.32,175.71,59.24,2413.77,10.41,2838.65,18978.08,12336.09,3568.39,59.24,2838.65
189,4136.26,10035.38,112.78,40.15,1362.31,10.63,2703.05,18400.56,11397.69,4146.89,40.15,2703.05
190,5173.86,11298.86,94.60,38.67,1483.35,13.16,2772.11,20874.62,12782.22,5187.02,38.67,2772.11
191,3443.55,9045.78,88.67,36.72,1355.65,10.06,2571.02,16551.44,10401.43,3453.61,36.72,2571.02
192,3153.51,9584.14,95.60,37.65,1373.95,10.16,2627.52,16882.52,10958.09,3163.66,37.65,2627.52
193,3547.73,13324.60,111.15,38.03,1449.71,10.26,3458.88,21940.36,14774.31,3557.99,38.03,3458.88
194,3509.90,9961.97,101.84,38.36,1464.65,14.19,2687.96,17778.88,11426.62,3524.09,38.36,2687.96
195,4475.71,12157.96,154.50,55.98,1935.61,10.94,3728.77,22519.47,14093.57,4486.65,55.98,3728.77
196,4067.08,10357.95,100.46,40.24,1539.90,10.16,2579.67,18695.47,11897.85,4077.24,40.24,2579.67
197,5379.74,9689.95,87.23,37.15,1453.57,9.94,2656.65,19314.24,11143.52,5389.69,37.15,2656.65
198,4945.78,11813.49,165.07,64.83,1538.24,16.27,2705.05,21248.73,13351.73,4962.04,64.83,2705.05
199,5116.72,10098.88,97.07,39.98,1669.89,13.94,2636.81,19673.30,11768.77,5130.67,39.98,2636.81
200,3791.91,9873.24,97.65,36.54,1542.14,10.04,2822.57,18174.09,11415.38,3801.95,36.54,2822.57
201,3429.05,8533.78,80.45,32.88,1936.60,16.79,4060.11,18089.66,10470.38,3445.84,32.88,4060.11
202,3367.22,9335.97,96.92,36.84,1362.73,10.38,2623.30,16833.35,10698.70,3377.60,36.84,2623.30
203,3314.61,9863.05,122.51,39.91,1379.34,10.27,2758.01,17487.71,11242.38,3324.89,39.91,2758.01
204,4431.60,11121.94,107.96,55.40,1825.77,12.56,2778.95,20334.19,12947.71,4444.16,55.40,2778.95
205,3521.12,11812.96,98.73,43.08,1510.30,11.53,2685.63,19683.35,13323.26,3532.65,43.08,2685.63
206,3375.86,8823.61,98.59,36.20,1452.05,10.16,3296.29,17092.76,10275.66,3386.02,36.20,3296.29
207,3561.60,9047.57,104.92,39.58,1420.57,18.12,3766.62,17958.97,10468.14,3579.72,39.58,3766.62
208,3767.49,10332.26,129.80,39.85,1472.58,12.04,2752.20,18506.21,11804.84,3779.52,39.85,2752.20
209,3374.76,9618.38,87.72,36.17,1348.04,10.30,2688.13,17163.50,10966.42,3385.06,36.17,2688.13
210,4729.47,10739.02,89.05,36.59,1727.94,10.00,2704.38,20036.45,12466.96,4739.47,36.59,2704.38
211,3371.14,9421.67,189.03,126.60,1496.89,10.21,2625.19,17240.72,10918.55,3381.35,126.60,2625.19
212,3260.45,12229.31,112.16,46.86,1467.80,9.99,2845.56,19972.13,13697.11,3270.44,46.86,2845.56
213,3387.80,9643.68,111.32,62.72,1973.35,10.02,3573.55,18762.45,11617.04,3397.82,62.72,3573.55
214,4752.83,10875.29,135.72,46.24,1607.89,13.08,2763.41,20194.47,12483.19,4765.91,46.24,2763.41
215,3242.19,9987.27,177.41,76.32,1477.60,10.03,2774.98,17745.81,11464.87,3252.22,76.32,2774.98
216,3233.06,8889.39,81.94,33.53,1290.55,11.72,4282.30,17822.49,10179.94,3244.78,33.53,4282.30
217,3544.82,10287.53,106.38,43.25,1482.50,10.05,2686.85,18161.38,11770.03,3554.88,43.25,2686.85
218,3262.64,10054.26,306.80,66.60,2264.18,12.32,3171.41,19138.20,12318.44,3274.95,66.60,3171.41
219,3722.37,11756.87,266.78,62.34,1945.63,12.26,3662.34,21428.59,13702.50,3734.63,62.34,3662.34
220,5485.26,10181.39,90.00,36.12,1417.33,16.27,4506.82,21733.19,11598.72,5501.53,36.12,4506.82
221,3638.20,10493.36,148.60,62.53,1845.66,10.10,2513.14,18711.59,12339.02,3648.29,62.53,2513.14
222,3685.36,10906.33,89.28,69.79,1671.24,9.98,2612.20,19044.17,12577.57,3695.34,69.79,2612.20
223,5972.70,13898.11,108.80,40.84,1701.67,11.01,2638.89,24372.03,15599.78,5983.72,40.84,2638.89
224,4464.55,11644.87,128.85,45.00,1537.58,10.43,2877.15,20708.42,13182.45,4474.98,45.00,2877.15
225,3531.42,10355.55,127.09,47.46,2274.85,14.66,4002.14,20353.18,12630.41,3546.08,47.46,4002.14
226,4121.60,9720.46,90.41,37.00,1468.43,10.17,2851.43,18299.52,11188.89,4131.78,37.00,2851.43
227,3464.48,8993.69,99.26,37.70,1704.04,10.09,3425.88,17735.14,10697.73,3474.57,37.70,3425.88
228,3450.62,10370.04,127.29,45.71,1400.57,11.47,2830.73,18236.44,11770.62,3462.09,45.71,2830.73
229,3871.44,10134.59,102.96,36.88,1544.85,11.33,3123.30,18825.37,11679.45,3882.78,36.88,3123.30
230,3531.72,13163.92,134.94,59.31,2762.83,14.13,2837.75,22504.60,15926.75,3545.85,59.31,2837.75
231,4387.33,9407.96,106.60,39.33,1514.12,10.17,2920.91,18386.42,10922.08,4397.50,39.33,2920.91
232,3267.34,9582.67,147.01,54.09,1892.75,9.99,2831.86,17785.70,11475.42,3277.33,54.09,2831.86
233,4817.50,11215.08,105.74,37.85,1410.45,11.50,2532.09,20130.21,12625.54,4829.00,37.85,2532.09
234,5185.45,11125.65,119.88,45.98,1801.37,10.19,2761.94,21050.45,12927.02,5195.63,45.98,2761.94
235,4469.88,10141.63,86.03,35.75,1386.34,11.49,2974.63,19105.74,11527.97,4481.37,35.75,2974.63
236,3244.92,9249.02,81.82,33.42,1367.26,11.67,2675.12,16663.22,10616.28,3256.58,33.42,2675.12
237,3604.18,10073.56,121.35,40.46,1422.96,16.07,3274.83,18553.41,11496.52,3620.26,40.46,3274.83
238,4472.46,10253.25,109.13,39.22,1499.55,10.44,2693.53,19077.57,11752.80,4482.90,39.22,2693.53
239,4096.68,9799.10,95.08,39.47,1295.51,10.04,3105.65,18441.54,11094.61,4106.72,39.47,3105.65
240,3392.03,9849.47,106.90,39.94,2269.94,12.22,3102.89,18773.37,12119.41,3404.24,39.94,3102.89
241,3259.52,9242.82,86.23,35.34,1374.00,10.51,2638.74,16647.17,10616.82,3270.03,35.34,2638.74
242,3336.91,9702.60,97.72,40.05,1388.36,10.73,2619.03,17195.39,11090.96,3347.64,40.05,2619.03
243,4020.94,10149.39,98.77,37.89,1496.12,10.94,2986.78,18800.84,11645.52,4031.89,37.89,2986.78
244,4102.03,10043.16,278.90,61.94,1652.34,15.94,2884.26,19038.56,11695.49,4117.97,61.94,2884.26
245,3864.13,10622.33,134.56,39.93,1738.23,12.00,2754.59,19165.77,12360.56,3876.14,39.93,2754.59
246,3837.51,8838.95,87.43,35.11,1464.70,10.32,2948.73,17222.76,10303.65,3847.83,35.11,2948.73
247,4194.77,9726.02,93.71,37.15,1536.41,10.28,2578.59,18176.93,11262.44,4205.05,37.15,2578.59
248,3449.84,10004.09,97.27,35.48,1281.79,10.42,2566.84,17445.72,11285.88,3460.26,35.48,2566.84
249,3294.72,12776.81,114.47,41.17,1694.28,10.47,2770.13,20702.04,14471.08,3305.19,41.17,2770.13
250,3375.18,8717.33,110.28,39.25,1469.03,10.62,3657.57,17379.26,10186.37,3385.79,39.25,3657.57
251,3552.40,9932.35,95.31,33.96,1457.03,11.90,2766.75,17849.71,11389.38,3564.31,33.96,2766.75
252,3401.78,9831.10,88.39,36.43,1327.80,12.21,2856.31,17554.02,11158.90,3413.98,36.43,2856.31
253,4758.80,11215.88,90.06,36.44,1969.72,12.04,2752.71,20835.65,13185.61,4770.84,36.44,2752.71
254,3707.49,11691.25,103.38,37.96,1545.41,11.73,2676.45,19773.66,13236.65,3719.22,37.96,2676.45
255,3948.95,9303.01,88.81,83.40,1320.40,12.91,3961.08,18718.57,10623.42,3961.86,83.40,3961.08
256,3464.81,8680.51,134.97,44.31,1440.09,10.35,2641.56,16416.60,10120.60,3475.16,44.31,2641.56
257,3171.60,11181.15,94.03,37.57,1361.88,12.34,2790.25,18648.82,12543.03,3183.95,37.57,2790.25
258,3191.47,12247.78,97.61,37.89,1400.52,11.53,3044.02,20030.81,13648.29,3203.00,37.89,3044.02
259,3336.54,12417.95,93.87,36.33,1569.69,10.17,2568.72,20033.28,13987.64,3346.71,36.33,2568.72
260,3418.95,9053.70,83.57,33.69,1322.62,10.34,2830.10,16752.98,10376.32,3429.29,33.69,2830.10
261,3757.91,9285.41,85.87,35.57,1866.46,15.24,3402.42,18448.88,11151.87,3773.15,35.57,3402.42
262,4182.90,11078.68,105.03,43.74,2169.79,10.94,2761.80,20352.89,13248.47,4193.84,43.74,2761.80
263,3741.88,9539.71,102.17,41.65,1386.32,10.89,3419.62,18242.25,10926.03,3752.77,41.65,3419.62
264,4422.44,9729.89,89.62,34.88,1410.88,10.00,3391.43,19089.16,11140.78,4432.44,34.88,3391.43
265,4214.27,11562.66,123.91,59.13,1558.70,17.06,4029.67,21565.39,13121.36,4231.32,59.13,4029.67
266,3384.08,9892.16,86.28,36.33,1445.43,12.18,2658.29,17514.75,11337.59,3396.25,36.33,2658.29
267,9050.04,14922.46,95.92,37.16,1517.24,12.06,2839.71,28474.59,16439.70,9062.10,37.16,2839.71
268,3867.71,10088.48,99.08,41.11,1400.48,11.48,2832.86,18341.21,11488.96,3879.19,41.11,2832.86
269,3611.42,9861.16,101.14,42.17,1387.76,12.23,2761.47,17777.34,11248.92,3623.65,42.17,2761.47
270,3436.93,11710.70,246.53,78.20,2241.07,10.63,3044.85,20768.92,13951.77,3447.56,78.20,3044.85
271,3720.78,9143.85,99.08,35.17,3984.67,13.48,2720.42,19717.46,13128.52,3734.27,35.17,2720.42
272,3525.60,10574.29,105.17,38.60,1400.88,22.38,2836.60,18503.53,11975.16,3547.99,38.60,2836.60
273,3637.59,10055.85,99.33,39.57,1681.02,12.24,3515.02,19040.62,11736.86,3649.83,39.57,3515.02
274,3840.71,9592.22,95.28,38.90,1547.63,11.77,2763.67,17890.19,11139.85,3852.48,38.90,2763.67
275,3413.50,11172.13,129.12,65.77,1470.90,11.81,2895.29,19158.52,12643.03,3425.31,65.77,2895.29
276,4181.73,9283.53,100.93,40.03,1442.39,24.77,3574.84,18648.23,10725.92,4206.50,40.03,3574.84
277,3873.50,10263.14,130.31,49.24,1637.55,14.56,3145.43,19113.73,11900.69,3888.05,49.24,3145.43
278,5121.18,9748.78,100.04,38.98,1587.97,10.32,2766.81,19374.08,11336.75,5131.50,38.98,2766.81
279,3797.38,9110.92,154.01,44.55,1575.51,11.14,2761.61,17455.13,10686.44,3808.52,44.55,2761.61
280,3998.06,10310.89,130.11,48.46,1452.95,10.92,2827.70,18779.08,11763.84,4008.98,48.46,2827.70
281,3487.35,10942.40,101.73,41.69,1798.56,10.50,2676.83,19059.06,12740.96,3497.85,41.69,2676.83
282,4921.17,11395.94,156.01,61.80,1717.11,10.65,2708.67,20971.36,13113.06,4931.82,61.80,2708.67
283,3663.39,10841.89,97.32,43.39,1587.39,11.80,2818.32,19063.49,12429.28,3675.18,43.39,2818.32
284,3896.59,8984.82,135.56,50.39,2331.29,15.15,3352.85,18766.65,11316.11,3911.74,50.39,3352.85
285,3563.69,10164.01,99.10,40.43,1493.60,10.43,2608.42,17979.67,11657.61,3574.12,40.43,2608.42
286,3432.53,10480.71,123.13,43.24,1352.08,11.53,2778.87,18222.09,11832.79,3444.05,43.24,2778.87
287,4342.03,10226.07,117.54,36.99,1329.00,10.43,3549.20,19611.26,11555.07,4352.46,36.99,3549.20
288,7890.62,9807.40,102.66,128.85,1606.47,15.17,3286.10,22837.26,11413.87,7905.79,128.85,3286.10
289,3695.43,10066.52,94.38,37.53,1527.90,17.08,3718.57,19157.40,11594.42,3712.51,37.53,3718.57
290,3638.85,9562.15,86.90,35.39,1571.95,10.51,2988.86,17894.62,11134.10,3649.36,35.39,2988.86
291,4617.45,9937.04,118.46,50.79,1611.08,11.78,2602.69,18949.29,11548.12,4629.24,50.79,2602.69
292,3560.90,9032.95,91.74,32.52,1431.96,12.98,3129.54,17292.59,10464.92,3573.87,32.52,3129.54
293,4244.18,9366.65,85.25,35.83,1522.76,10.72,2634.72,17900.11,10889.41,4254.90,35.83,2634.72
294,3698.12,11688.92,208.39,74.59,2002.34,10.67,2552.62,20235.65,13691.27,3708.79,74.59,2552.62
295,3554.26,9736.34,86.21,36.21,1663.63,10.95,2904.04,17991.64,11399.97,3565.21,36.21,2904.04
296,4011.88,9527.14,97.28,39.60,1610.12,21.78,2728.83,18036.64,11137.26,4033.67,39.60,2728.83
297,3639.45,9589.53,123.66,46.18,1356.48,30.42,3245.91,18031.63,10946.01,3669.87,46.18,3245.91
298,4505.63,11669.84,175.95,54.21,1401.72,12.17,2597.16,20416.68,13071.57,4517.80,54.21,2597.16
299,3411.96,11123.68,163.99,46.96,1426.01,10.74,2829.93,19013.26,12549.69,3422.70,46.96,2829.93
300,3928.09,8863.28,104.97,43.31,1491.02,10.54,3400.10,17841.31,10354.30,3938.63,43.31,3400.10
301,5331.82,9412.87,104.72,44.61,1500.57,10.65,3478.41,19883.65,10913.44,5342.47,44.61,3478.41
302,3284.24,10438.55,144.30,64.39,1757.12,13.30,2659.50,18361.40,12195.67,3297.54,64.39,2659.50
303,4555.60,12003.41,100.34,39.28,1795.93,474.54,3288.81,22257.90,13799.34,5030.14,39.28,3288.81
304,3734.87,9838.05,82.90,35.29,1359.36,12.94,2833.37,17896.78,11197.40,3747.81,35.29,2833.37
305,3346.76,9562.40,92.27,35.97,1365.31,10.42,2876.91,17290.04,10927.71,3357.17,35.97,2876.91
306,3456.50,9478.73,89.91,36.88,1391.83,13.04,2819.34,17286.23,10870.56,3469.54,36.88,2819.34
307,3510.17,8875.96,81.44,33.45,1707.46,13.43,2663.47,16885.37,10583.42,3523.59,33.45,2663.47
308,3263.83,10590.34,91.54,37.59,1373.88,10.60,2586.20,17953.97,11964.21,3274.43,37.59,2586.20
309,3440.11,14027.89,93.65,37.84,1399.62,11.02,3053.02,22063.15,15427.51,3451.13,37.84,3053.02
310,3233.58,10545.05,142.01,53.47,1345.20,12.56,3543.80,18875.67,11890.25,3246.14,53.47,3543.80
311,3688.05,9366.28,94.86,39.93,1288.72,10.45,2616.96,17105.25,10655.00,3698.50,39.93,2616.96
312,3879.62,10697.49,141.49,118.97,1595.76,17.02,2953.84,19404.18,12293.25,3896.64,118.97,2953.84
313,3268.27,9871.65,149.34,51.16,1945.56,39.14,3179.32,18504.45,11817.21,3307.41,51.16,3179.32
314,3228.80,10972.54,182.86,49.77,2009.64,13.45,4597.26,21054.33,12982.18,3242.25,49.77,4597.26
315,3680.72,10639.98,108.46,41.09,2023.07,14.11,3161.01,19668.43,12663.05,3694.83,41.09,3161.01
316,3181.20,11816.18,103.21,41.67,1424.08,12.37,2859.51,19438.22,13240.26,3193.57,41.67,2859.51
317,4056.32,9990.03,98.59,40.90,2032.09,14.37,3415.49,19647.79,12022.12,4070.69,40.90,3415.49
318,4980.31,9807.03,101.33,43.37,1444.54,17.66,3497.67,19891.90,11251.57,4997.97,43.37,3497.67
319,4452.40,9244.33,107.69,39.40,1605.52,15.38,2650.53,18115.25,10849.85,4467.78,39.40,2650.53
320,3414.26,10051.72,96.27,40.90,1515.78,11.79,2740.65,17871.38,11567.50,3426.05,40.90,2740.65
321,4065.18,12235.55,138.83,42.74,2160.55,12.61,2933.09,21588.55,14396.10,4077.79,42.74,2933.09
322,3677.74,9160.79,88.88,68.55,1425.65,14.41,2882.02,17318.05,10586.44,3692.15,68.55,2882.02
323,3553.06,10075.38,154.14,64.97,2090.00,10.16,3006.05,18953.77,12165.38,3563.22,64.97,3006.05
324,4022.57,9828.28,93.44,37.66,1409.70,10.90,2684.75,18087.31,11237.98,4033.47,37.66,2684.75
325,3457.41,9288.28,89.10,35.97,1335.43,11.10,3034.47,17251.76,10623.71,3468.50,35.97,3034.47
326,3421.42,9819.53,90.50,36.28,1405.91,11.23,2717.40,17502.26,11225.44,3432.65,36.28,2717.40
327,3463.27,11627.18,111.18,57.76,2098.95,10.87,2594.80,19964.00,13726.13,3474.14,57.76,2594.80
328,3959.89,9127.35,84.74,36.61,1530.73,49.26,2997.79,17786.38,10658.09,4009.15,36.61,2997.79
329,3459.81,9007.95,94.89,33.88,1332.15,10.62,2620.44,16559.72,10340.10,3470.42,33.88,2620.44
330,5205.64,10679.70,99.79,39.80,1830.56,10.49,2644.97,20510.95,12510.26,5216.13,39.80,2644.97
331,4940.39,9473.44,96.84,66.77,1616.80,16.47,4672.63,20883.35,11090.24,4956.86,66.77,4672.63
332,5223.55,13566.87,175.66,60.41,2095.85,25.81,3739.34,24887.48,15662.71,5249.36,60.41,3739.34
333,3870.72,10905.26,137.16,50.24,1649.11,10.90,2975.87,19599.26,12554.37,3881.62,50.24,2975.87
334,4048.95,9804.93,113.67,81.94,1762.33,39.09,4873.23,20724.14,11567.26,4088.04,81.94,4873.23
335,5370.11,14288.00,109.82,41.70,1623.81,13.02,3371.85,24818.32,15911.81,5383.13,41.70,3371.85
336,3889.94,10474.65,277.54,176.69,2004.46,11.31,2796.40,19630.99,12479.11,3901.25,176.69,2796.40
337,3939.21,11714.51,106.10,42.54,1785.85,10.69,2699.95,20298.85,13500.36,3949.90,42.54,2699.95
338,4002.38,10190.50,106.54,42.69,1810.16,13.58,3846.31,20012.15,12000.66,4015.96,42.69,3846.31
339,4931.58,10497.26,108.74,42.63,1450.90,10.76,2777.39,19819.26,11948.16,4942.35,42.63,2777.39
340,4095.26,8815.52,101.08,38.51,1465.91,14.23,4049.41,18579.92,10281.43,4109.48,38.51,4049.41
341,3779.35,9482.58,100.07,41.15,1322.05,10.85,2676.92,17412.97,10804.63,3790.20,41.15,2676.92
342,4202.96,10920.31,104.53,39.54,1474.53,11.97,2795.87,19549.70,12394.83,4214.93,39.54,2795.87
343,3691.04,9406.01,125.06,51.09,1499.99,16.74,3466.12,18256.05,10906.00,3707.79,51.09,3466.12
344,4044.43,10773.77,137.92,49.96,1469.33,11.79,2813.63,19300.84,12243.10,4056.23,49.96,2813.63
345,3575.00,10474.38,109.77,42.02,1371.34,15.95,3082.01,18670.47,11845.72,3590.95,42.02,3082.01
346,3690.81,9927.32,98.01,40.51,1752.37,11.71,2780.34,18301.06,11679.69,3702.51,40.51,2780.34
347,4841.03,11647.53,109.93,64.43,2325.67,10.69,2520.28,21519.55,13973.20,4851.72,64.43,2520.28
348,4727.84,8969.20,103.27,99.38,2140.42,12.16,2731.96,18784.22,11109.62,4740.00,99.38,2731.96
349,3328.64,8852.97,101.48,32.98,1530.54,10.61,2506.35,16363.57,10383.51,3339.25,32.98,2506.35
350,3477.74,11190.61,96.60,37.72,1633.66,11.53,2726.15,19174.00,12824.27,3489.27,37.72,2726.15
351,4681.76,9976.67,96.70,35.88,1618.54,17.32,2830.34,19257.22,11595.21,4699.08,35.88,2830.34
352,4370.36,11085.62,109.72,38.95,1489.02,12.62,2747.97,19854.26,12574.64,4382.97,38.95,2747.97
353,3815.68,9551.07,115.91,47.62,1848.27,10.91,2841.11,18230.56,11399.34,3826.58,47.62,2841.11
354,4480.62,11700.58,101.28,41.33,1485.45,10.19,2840.55,20660.00,13186.04,4490.81,41.33,2840.55
355,3659.29,11454.27,101.78,42.05,1403.00,10.82,3061.86,19733.08,12857.28,3670.11,42.05,3061.86
356,4056.83,9584.15,89.69,44.99,1295.41,13.26,4308.23,19392.55,10879.56,4070.09,44.99,4308.23
357,4459.45,10135.25,131.97,44.56,1475.85,12.10,2772.79,19031.96,11611.10,4471.55,44.56,2772.79
358,3847.90,10456.71,99.03,41.11,1389.31,13.21,3378.83,19226.11,11846.03,3861.11,41.11,3378.83
359,4837.31,10718.53,148.89,51.87,2594.79,15.34,2975.61,21342.33,13313.31,4852.65,51.87,2975.61
360,4235.97,13914.89,117.45,43.53,2035.63,12.57,3782.72,24142.75,15950.51,4248.53,43.53,3782.72
361,3668.32,11248.49,115.77,45.64,2002.30,12.74,3433.39,20526.66,13250.79,3681.06,45.64,3433.39
362,4612.46,10605.96,170.30,59.72,1981.12,12.44,2720.62,20162.61,12587.08,4624.89,59.72,2720.62
363,3892.49,9653.17,105.59,38.50,1829.63,10.69,2845.99,18376.07,11482.81,3903.18,38.50,2845.99
364,3585.72,11520.65,115.42,44.60,1904.60,12.10,3297.26,20480.35,13425.25,3597.82,44.60,3297.26
365,4418.27,10400.03,112.74,45.76,1633.41,10.64,3181.05,19801.90,12033.44,4428.91,45.76,3181.05
366,3704.78,10829.14,94.16,35.05,1570.35,12.97,3039.73,19286.17,12399.49,3717.75,35.05,3039.73
367,3407.09,11052.18,97.79,36.34,1489.95,11.37,3185.24,19279.95,12542.13,3418.46,36.34,3185.24
368,4725.12,9508.56,113.89,36.86,1521.82,10.06,2639.22,18555.53,11030.38,4735.18,36.86,2639.22
369,3471.24,10334.45,108.18,45.39,1423.75,12.63,2803.43,18199.08,11758.20,3483.88,45.39,2803.43
370,3512.27,12172.53,141.09,64.66,2143.82,16.91,3139.91,21191.19,14316.34,3529.18,64.66,3139.91
371,3665.21,9874.09,132.54,48.96,1519.39,10.94,2685.88,17937.01,11393.48,3676.15,48.96,2685.88
372,3467.14,10003.08,112.64,38.92,1450.00,10.76,2741.61,17824.14,11453.08,3477.90,38.92,2741.61
373,3589.74,9795.88,100.83,41.21,1433.87,10.46,2522.36,17494.36,11229.75,3600.21,41.21,2522.36
374,6924.63,11416.11,107.31,41.09,1663.63,10.29,2636.63,22799.69,13079.74,6934.92,41.09,2636.63
375,4653.84,11484.16,127.41,49.25,2156.80,14.02,2849.54,21335.02,13640.96,4667.86,49.25,2849.54
376,4439.57,9350.83,146.18,51.88,1547.75,10.85,2782.41,18329.48,10898.58,4450.42,51.88,2782.41
377,3461.56,11022.38,101.98,38.06,1404.68,10.92,2775.07,18814.65,12427.07,3472.48,38.06,2775.07
378,3470.89,9017.93,81.02,32.56,1424.67,9.94,2569.02,16606.02,10442.60,3480.83,32.56,2569.02
379,4573.95,9929.58,90.39,38.56,1483.64,15.26,3494.80,19626.16,11413.22,4589.20,38.56,3494.80
380,3501.52,10720.77,125.25,43.55,1489.55,12.37,2965.30,18858.31,12210.32,3513.89,43.55,2965.30
381,3673.44,9600.94,142.91,41.58,1558.87,16.25,2648.88,17682.88,11159.81,3689.69,41.58,2648.88
382,4341.12,12314.08,117.33,40.55,1597.82,18.34,2848.08,21277.31,13911.90,4359.46,40.55,2848.08
383,3525.76,9430.48,98.52,41.38,1373.53,17.18,3890.88,18377.73,10804.01,3542.94,41.38,3890.88
384,3407.48,9620.85,98.40,76.89,1539.34,11.81,2694.17,17448.94,11160.19,3419.29,76.89,2694.17
385,3739.72,9961.39,95.61,35.81,2350.22,19.61,3283.63,19485.99,12311.61,3759.33,35.81,3283.63
386,4306.91,9564.69,95.47,38.10,1763.60,10.59,2562.32,18341.69,11328.29,4317.50,38.10,2562.32
387,3973.88,9390.64,103.60,42.88,1442.27,10.40,2765.27,17728.94,10832.91,3984.28,42.88,2765.27
388,3531.18,9091.07,99.06,35.03,1664.82,14.95,3616.69,18052.80,10755.89,3546.13,35.03,3616.69
389,3292.68,9222.53,87.27,36.16,1389.67,11.07,2702.96,16742.34,10612.20,3303.75,36.16,2702.96
390,3336.81,10519.81,97.43,34.05,1378.23,15.34,3390.34,18772.02,11898.04,3352.16,34.05,3390.34
391,3723.23,8784.45,82.44,32.90,1908.79,13.32,3116.87,17662.00,10693.24,3736.55,32.90,3116.87
392,5130.11,10608.76,90.69,37.23,1345.90,12.64,2767.09,19992.40,11954.66,5142.74,37.23,2767.09
393,3843.23,8983.42,85.86,34.73,1427.02,12.25,4740.62,19127.13,10410.44,3855.48,34.73,4740.62
394,3400.85,9147.11,82.92,34.00,1344.37,16.20,2711.74,16737.18,10491.48,3417.05,34.00,2711.74
395,4911.45,10506.53,107.59,69.56,1444.58,10.67,2803.30,19853.68,11951.10,4922.13,69.56,2803.30
396,3972.56,9311.60,136.17,65.54,1323.90,10.32,3316.94,18137.03,10635.50,3982.88,65.54,3316.94
397,3300.72,10996.26,92.23,35.99,1376.38,15.23,2889.06,18705.87,12372.64,3315.94,35.99,2889.06
398,3607.48,11181.26,195.07,63.85,2310.40,11.30,2533.86,19903.21,13491.66,3618.78,63.85,2533.86
399,3496.73,9887.54,85.72,35.27,1448.90,10.68,2662.03,17626.87,11336.43,3507.41,35.27,2662.03
400,3437.30,10383.85,101.56,40.31,1604.37,11.47,2768.47,18347.31,11988.22,3448.77,40.31,2768.47
401,3601.06,9598.07,103.90,43.47,1553.26,11.44,2719.88,17631.10,11151.33,3612.51,43.47,2719.88
402,3654.19,9891.34,85.90,34.54,1830.18,12.80,3347.02,18855.96,11721.52,3666.99,34.54,3347.02
403,3870.27,9572.34,108.12,42.71,1596.15,12.66,5079.37,20281.62,11168.49,3882.93,42.71,5079.37
404,3583.45,9045.93,137.70,49.08,1759.43,12.56,3450.64,18038.79,10805.36,3596.00,49.08,3450.64
405,3772.48,10334.57,218.43,56.59,2037.19,12.87,3605.74,20037.86,12371.76,3785.34,56.59,3605.74
406,3790.65,9516.82,133.21,44.35,1343.10,10.94,2766.73,17605.80,10859.92,3801.59,44.35,2766.73
407,4200.08,10815.15,102.08,39.57,1625.07,13.28,3578.07,20373.31,12440.22,4213.36,39.57,3578.07
408,5114.10,11885.20,109.76,42.69,1661.61,10.54,2547.22,21371.11,13546.81,5124.64,42.69,2547.22
409,4423.10,9823.68,108.23,33.95,1389.86,10.59,2771.25,18560.67,11213.55,4433.70,33.95,2771.25
410,5049.28,12488.12,102.35,38.58,1537.40,24.65,2951.76,22192.15,14025.52,5073.94,38.58,2951.76
411,3651.16,11781.33,151.73,81.54,1427.60,11.52,3683.08,20787.97,13208.94,3662.68,81.54,3683.08
412,3474.66,11270.12,109.05,39.50,1489.89,17.94,2849.91,19251.08,12760.02,3492.61,39.50,2849.91
413,3866.58,11475.70,106.24,40.83,1444.31,11.81,3098.86,20044.33,12920.01,3878.39,40.83,3098.86
414,3645.90,9995.56,101.10,69.93,1721.64,19.58,3039.93,18593.63,11717.20,3665.48,69.93,3039.93
415,3755.21,10787.90,119.09,48.13,2530.51,11.31,2773.64,20025.79,13318.40,3766.53,48.13,2773.64
416,3944.54,11663.64,103.03,37.66,1601.82,11.29,2859.72,20221.70,13265.46,3955.83,37.66,2859.72
417,3411.58,9486.35,107.20,38.96,1407.62,12.25,2897.71,17361.69,10893.98,3423.83,38.96,2897.71
418,4126.08,10625.50,100.97,37.95,1441.53,10.77,2869.04,19211.85,12067.04,4136.85,37.95,2869.04
419,3889.79,9445.85,129.15,40.04,1474.80,10.55,3134.12,18124.31,10920.65,3900.34,40.04,3134.12
420,3581.65,9863.48,144.28,58.35,1755.78,11.66,2820.02,18235.22,11619.26,3593.30,58.35,2820.02
421,4614.82,10443.43,100.93,42.48,1382.21,15.44,2874.78,19474.10,11825.64,4630.26,42.48,2874.78
422,4525.79,11620.98,102.01,43.02,1403.19,12.30,3513.97,21221.26,13024.17,4538.09,43.02,3513.97
423,3606.56,11212.14,109.09,40.98,1703.52,10.31,2712.47,19395.07,12915.66,3616.87,40.98,2712.47
424,3618.68,10188.20,116.27,41.99,1390.91,13.08,3350.92,18720.05,11579.11,3631.76,41.99,3350.92
425,3649.17,9019.14,92.64,37.99,1704.83,10.22,2648.74,17162.73,10723.97,3659.39,37.99,2648.74
426,3597.88,10848.58,97.86,37.12,1513.70,10.17,2895.30,19000.62,12362.29,3608.06,37.12,2895.30
427,4204.76,9263.33,97.72,33.85,1384.03,12.59,4255.59,19251.87,10647.36,4217.35,33.85,4255.59
428,4149.27,10668.25,128.48,45.94,1463.25,10.00,2482.82,18948.01,12131.51,4159.27,45.94,2482.82
429,3398.95,10418.17,107.16,36.51,2131.10,12.96,2837.16,18942.00,12549.27,3411.91,36.51,2837.16
430,3870.46,9145.58,93.30,38.50,1391.03,10.51,3535.64,18085.03,10536.61,3880.98,38.50,3535.64
431,4398.63,12331.08,109.89,48.60,1409.36,11.38,2819.02,21127.97,13740.44,4410.01,48.60,2819.02
432,3446.01,9989.65,244.45,63.64,1635.44,12.39,2897.71,18289.28,11625.08,3458.40,63.64,2897.71
433,4642.47,9685.70,100.59,36.83,1392.84,12.68,2832.06,18703.17,11078.54,4655.15,36.83,2832.06
434,3573.04,10700.79,106.37,36.32,1358.65,11.51,2812.03,18598.71,12059.45,3584.55,36.32,2812.03
435,3328.09,9641.13,99.13,43.93,1497.50,10.57,2672.63,17292.97,11138.63,3338.66,43.93,2672.63
436,4538.23,9382.90,92.75,37.51,1310.19,10.52,3482.19,18854.29,10693.09,4548.76,37.51,3482.19
437,4504.93,11278.67,100.46,160.88,1415.06,11.79,2742.51,20214.30,12693.73,4516.72,160.88,2742.51
438,4150.00,10781.58,105.92,39.37,1641.17,11.32,3210.61,19939.97,12422.74,4161.31,39.37,3210.61
439,3892.83,10203.87,128.31,46.56,1539.34,12.96,2963.19,18787.06,11743.21,3905.79,46.56,2963.19
440,3702.48,10846.89,106.73,37.80,1393.45,13.11,2769.03,18869.50,12240.34,3715.59,37.80,2769.03
441,4646.34,9238.88,110.08,44.39,1421.82,11.50,3533.70,19006.72,10660.70,4657.84,44.39,3533.70
442,3866.40,12050.24,119.56,44.45,1622.44,11.46,3285.02,20999.56,13672.68,3877.85,44.45,3285.02
443,3738.24,11932.43,114.31,56.02,1493.91,10.87,3369.26,20715.03,13426.34,3749.11,56.02,3369.26
444,4036.06,10201.04,114.11,43.16,1544.02,13.62,2829.20,18781.21,11745.06,4049.68,43.16,2829.20
445,3676.18,8979.53,95.55,39.07,1317.53,10.16,3981.81,18099.83,10297.06,3686.34,39.07,3981.81
446,3843.75,9563.11,101.49,37.31,1388.17,12.58,2913.50,17859.91,10951.27,3856.33,37.31,2913.50
447,3745.20,9724.06,96.35,37.74,1507.44,10.77,2744.62,17866.18,11231.50,3755.96,37.74,2744.62
448,3571.17,12381.54,100.11,36.86,1324.97,10.51,2999.70,20424.87,13706.51,3581.69,36.86,2999.70
449,3722.13,9998.48,100.88,42.10,1456.28,10.56,2764.41,18094.84,11454.77,3732.69,42.10,2764.41
450,4063.04,12475.40,110.67,45.28,1507.12,14.29,3085.59,21301.39,13982.52,4077.33,45.28,3085.59
451,3778.39,9904.52,103.83,37.08,1381.97,12.36,2682.52,17900.67,11286.49,3790.75,37.08,2682.52
452,5136.23,10633.27,113.46,40.00,1722.57,10.65,2866.63,20522.80,12355.83,5146.88,40.00,2866.63
453,3698.77,14040.30,105.66,42.29,1344.75,10.19,2873.92,22115.87,15385.05,3708.96,42.29,2873.92
454,6917.90,16458.98,130.99,42.33,1678.15,17.84,3024.51,28270.71,18137.13,6935.74,42.33,3024.51
455,4804.91,11639.32,103.38,38.78,1443.80,10.95,2969.57,21010.70,13083.12,4815.85,38.78,2969.57
456,3977.26,12296.90,100.62,38.79,1471.98,12.38,2996.17,20894.11,13768.88,3989.64,38.79,2996.17
457,3851.70,13063.96,141.14,58.96,2725.92,12.13,3622.85,23476.66,15789.88,3863.82,58.96,3622.85
458,3697.00,9971.62,97.39,42.45,1438.45,11.51,2851.45,18109.87,11410.07,3708.51,42.45,2851.45
459,3287.23,12982.50,96.22,36.90,1398.20,15.02,3847.25,21663.31,14380.70,3302.25,36.90,3847.25
460,4229.98,9778.56,102.38,42.92,1330.78,11.78,3212.26,18708.66,11109.34,4241.76,42.92,3212.26
461,3627.86,11096.81,106.26,38.36,1442.75,10.94,2770.49,19093.46,12539.55,3638.80,38.36,2770.49
462,3781.57,10303.23,108.52,38.91,1839.15,13.97,3048.49,19133.84,12142.38,3795.54,38.91,3048.49
463,3386.69,9648.08,118.13,46.45,1445.39,11.00,2748.71,17404.46,11093.48,3397.69,46.45,2748.71
464,4564.24,10826.79,104.39,37.01,1475.42,10.47,3211.22,20229.54,12302.21,4574.71,37.01,3211.22
465,4063.61,12754.80,102.99,39.68,1728.58,12.34,2830.29,21532.29,14483.38,4075.95,39.68,2830.29
466,3715.11,10868.99,102.62,42.76,1665.54,10.91,2732.59,19138.51,12534.53,3726.02,42.76,2732.59
467,4140.15,9718.49,138.14,41.42,2110.39,18.65,3986.56,20153.80,11828.88,4158.81,41.42,3986.56
468,4655.69,11991.78,124.80,53.65,1785.26,11.38,3023.29,21645.86,13777.05,4667.08,53.65,3023.29
469,3657.31,9002.59,100.74,38.95,2800.22,10.29,2831.65,18441.75,11802.82,3667.60,38.95,2831.65
470,4497.84,9414.63,98.83,40.38,1479.66,10.90,2763.45,18305.70,10894.30,4508.74,40.38,2763.45
471,3655.17,12554.98,212.66,71.56,2154.94,14.60,2927.50,21591.41,14709.92,3669.77,71.56,2927.50
472,4059.78,11234.73,103.44,45.10,1412.88,12.02,2948.38,19816.32,12647.61,4071.80,45.10,2948.38
473,3646.66,10938.72,106.43,41.77,1458.60,12.16,2958.21,19162.55,12397.32,3658.82,41.77,2958.21
474,3460.23,9231.28,133.18,52.35,1464.71,13.26,3205.76,17560.78,10695.99,3473.49,52.35,3205.76
475,3647.27,10628.96,100.19,41.03,1379.62,13.48,2865.72,18676.27,12008.58,3660.75,41.03,2865.72
476,3549.22,11231.54,144.11,69.91,1805.26,26.93,3295.24,20122.21,13036.80,3576.15,69.91,3295.24
477,3718.12,9613.03,143.94,57.18,1459.83,12.51,2672.25,17676.85,11072.86,3730.63,57.18,2672.25
478,3212.58,10478.33,87.50,35.14,1537.31,15.25,3023.39,18389.49,12015.64,3227.83,35.14,3023.39
479,3356.71,8693.98,97.22,39.26,1509.67,10.54,2682.04,16389.41,10203.65,3367.25,39.26,2682.04
480,5029.36,10817.07,101.36,36.80,1644.93,10.88,3080.02,20720.40,12462.00,5040.23,36.80,3080.02
481,3597.58,9893.78,105.99,41.30,1574.39,17.72,2982.54,18213.30,11468.18,3615.29,41.30,2982.54
482,3653.88,9774.20,90.34,37.54,1470.35,10.16,2540.38,17576.85,11244.56,3664.04,37.54,2540.38
483,4282.84,10544.90,108.90,38.60,1542.63,10.04,2664.45,19192.36,12087.53,4292.88,38.60,2664.45
484,3402.80,9784.01,106.31,45.57,1550.62,9.94,2627.30,17526.54,11334.63,3412.74,45.57,2627.30
485,3814.78,10305.91,99.78,40.21,1515.00,11.51,3126.51,18913.69,11820.91,3826.28,40.21,3126.51
486,3555.50,12879.89,95.70,36.94,1507.29,10.25,2537.46,20623.03,14387.18,3565.75,36.94,2537.46
487,3602.60,10879.22,106.27,43.07,1578.35,11.01,2725.91,18946.43,12457.57,3613.62,43.07,2725.91
488,4232.51,10131.42,98.49,39.94,1439.80,17.43,3719.61,19679.20,11571.22,4249.94,39.94,3719.61
489,3733.42,9902.39,101.40,54.61,1801.93,15.18,2849.75,18458.68,11704.32,3748.60,54.61,2849.75
490,3545.33,9900.89,97.37,39.89,1487.01,10.69,2552.01,17633.18,11387.90,3556.02,39.89,2552.01
491,3550.69,9325.67,98.40,37.20,1378.00,12.69,3852.28,18254.93,10703.67,3563.38,37.20,3852.28
492,4241.27,10795.21,103.68,37.92,1549.18,10.44,2722.68,19460.37,12344.39,4251.71,37.92,2722.68
493,4126.38,9745.54,105.72,39.36,1647.18,11.35,2835.75,18511.27,11392.72,4137.73,39.36,2835.75
494,3563.69,9014.36,91.74,37.70,1221.94,12.19,3459.93,17401.55,10236.30,3575.87,37.70,3459.93
495,4280.07,11342.13,108.19,44.43,1635.04,11.80,3058.16,20479.83,12977.17,4291.88,44.43,3058.16
496,3400.33,10393.97,92.15,36.89,1676.62,10.44,2829.16,18439.56,12070.59,3410.77,36.89,2829.16
497,4321.13,9242.30,119.19,45.17,1487.14,10.46,2639.21,17864.59,10729.44,4331.59,45.17,2639.21
498,3886.50,11718.26,124.60,55.66,2303.17,33.95,2801.01,20923.16,14021.43,3920.45,55.66,2801.01
499,3605.26,9431.93,119.13,45.30,2175.19,13.24,2874.12,18264.17,11607.12,3618.50,45.30,2874.12
500,3537.86,11526.42,121.84,40.73,1901.88,13.51,3718.27,20860.51,13428.30,3551.37,40.73,3718.27
